"id","dept","muni","mpios"
"2","LA GUAJIRA","URIBIA","44847"
"5","LA GUAJIRA","MANAURE","44560"
"6","LA GUAJIRA","MAICAO","44430"
"7","LA GUAJIRA","RIOHACHA","44001"
"8","LA GUAJIRA","DIBULLA","44090"
"9","MAGDALENA","SANTA MARTA","47001"
"10","LA GUAJIRA","HATONUEVO","44378"
"11","LA GUAJIRA","BARRANCAS","44078"
"12","MAGDALENA","CIENAGA","47189"
"13","ATLANTICO","BARRANQUILLA","08001"
"14","MAGDALENA","SITIONUEVO","47745"
"15","ATLANTICO","PUERTO COLOMBIA","08573"
"16","LA GUAJIRA","DISTRACCION","44098"
"17","LA GUAJIRA","FONSECA","44279"
"18","LA GUAJIRA","SAN JUAN DEL CESAR","44650"
"19","MAGDALENA","PUEBLOVIEJO","47570"
"20","ATLANTICO","TUBARA","08832"
"21","ATLANTICO","GALAPA","08296"
"22","ATLANTICO","SOLEDAD","08758"
"23","ATLANTICO","MALAMBO","08433"
"24","ATLANTICO","JUAN DE ACOSTA","08372"
"25","CESAR","VALLEDUPAR","20001"
"26","MAGDALENA","ARACATACA","47053"
"27","ATLANTICO","BARANOA","08078"
"28","ATLANTICO","SABANAGRANDE","08634"
"29","ATLANTICO","POLONUEVO","08558"
"30","ATLANTICO","PIOJO","08549"
"31","ATLANTICO","USIACURI","08849"
"32","BOLIVAR","SANTA CATALINA","13673"
"33","ATLANTICO","SANTO TOMAS","08685"
"34","ATLANTICO","PALMAR DE VARELA","08520"
"35","MAGDALENA","EL RETEN","47268"
"36","MAGDALENA","REMOLINO","47605"
"37","ATLANTICO","SABANALARGA","08638"
"38","ATLANTICO","PONEDERA","08560"
"39","ATLANTICO","LURUACO","08421"
"40","BOLIVAR","CARTAGENA","13001"
"41","CESAR","PUEBLO BELLO","20570"
"42","MAGDALENA","PIVIJAY","47551"
"43","LA GUAJIRA","VILLANUEVA","44874"
"44","LA GUAJIRA","EL MOLINO","44110"
"45","MAGDALENA","FUNDACION","47288"
"46","BOLIVAR","CLEMENCIA","13222"
"47","ATLANTICO","REPELON","08606"
"48","MAGDALENA","SALAMINA","47675"
"49","ATLANTICO","CANDELARIA","08141"
"50","LA GUAJIRA","URUMITA","44855"
"51","ATLANTICO","MANATI","08436"
"52","BOLIVAR","SANTA ROSA","13683"
"53","BOLIVAR","VILLANUEVA","13873"
"54","MAGDALENA","EL PION","47258"
"55","ATLANTICO","CAMPO DE LA CRUZ","08137"
"56","CESAR","LA PAZ","20621"
"57","BOLIVAR","SAN ESTANISLAO","13647"
"58","CESAR","MANAURE","20443"
"59","BOLIVAR","SOPLAVIENTO","13760"
"60","BOLIVAR","SAN CRISTOBAL","13620"
"61","BOLIVAR","TURBACO","13836"
"62","CESAR","EL COPEY","20238"
"63","ATLANTICO","SANTA LUCIA","08675"
"64","MAGDALENA","CERRO SAN ANTONIO","47161"
"65","BOLIVAR","CALAMAR","13140"
"66","CESAR","SAN DIEGO","20750"
"67","ATLANTICO","SUAN","08770"
"68","BOLIVAR","ARJONA","13052"
"69","BOLIVAR","MAHATES","13433"
"70","BOLIVAR","TURBANA","13838"
"71","MAGDALENA","PEDRAZA","47541"
"72","MAGDALENA","CHIVOLO","47170"
"73","CESAR","AGUSTIN CODAZZI","20013"
"74","BOLIVAR","EL GUAMO","13248"
"75","SUCRE","SAN ONOFRE","70713"
"76","BOLIVAR","SAN JUAN NEPOMUCENO","13657"
"77","BOLIVAR","MARIA LA BAJA","13442"
"78","CESAR","BOSCONIA","20060"
"79","MAGDALENA","TENERIFE","47798"
"80","MAGDALENA","PLATO","47555"
"81","MAGDALENA","ARIGUAINI","47058"
"82","CESAR","BECERRIL","20045"
"83","BOLIVAR","SAN JACINTO","13654"
"84","BOLIVAR","EL CARMEN DE BOLIVAR","13244"
"85","CESAR","EL PASO","20250"
"86","BOLIVAR","ZAMBRANO","13894"
"87","MAGDALENA","SANTA ANA","47707"
"88","MAGDALENA","PIJIO DEL CARMEN","47545"
"89","SUCRE","OVEJAS","70508"
"90","CESAR","LA JAGUA DE IBIRICO","20400"
"91","SUCRE","CHALAN","70230"
"92","BOLIVAR","CORDOBA","13212"
"93","SUCRE","TOLUVIEJO","70823"
"94","SUCRE","COLOSO","70204"
"95","CESAR","CHIRIGUANA","20178"
"96","CESAR","ASTREA","20032"
"97","SUCRE","SAN PEDRO","70717"
"98","CESAR","CHIMICHAGUA","20175"
"99","SUCRE","LOS PALMITOS","70418"
"100","SUCRE","MORROA","70473"
"101","MAGDALENA","SAN SEBASTIAN DE BUENAVISTA","47692"
"102","MAGDALENA","SAN ZENON","47703"
"103","BOLIVAR","MAGANGUE","13430"
"104","SUCRE","BUENAVISTA","70110"
"105","CORDOBA","SAN ANTERO","23672"
"106","CORDOBA","SAN BERNARDO DEL VIENTO","23675"
"107","SUCRE","SINCELEJO","70001"
"108","BOLIVAR","TALAIGUA NUEVO","13780"
"109","SUCRE","SINCE","70742"
"110","SUCRE","PALMITO","70523"
"111","SUCRE","SAN JUAN DE BETULIA","70702"
"112","CESAR","CURUMANI","20228"
"113","MAGDALENA","GUAMAL","47318"
"114","SUCRE","COROZAL","70215"
"115","MAGDALENA","EL BANCO","47245"
"116","CORDOBA","MOITOS","23500"
"117","CORDOBA","LORICA","23417"
"118","CORDOBA","PURISIMA","23586"
"119","CORDOBA","MOMIL","23464"
"120","BOLIVAR","MOMPOS","13468"
"121","BOLIVAR","CICUCO","13188"
"122","NORTE DE SANTANDER","EL CARMEN","54245"
"123","CORDOBA","SAN ANDRES DE SOTAVENTO","23670"
"124","NORTE DE SANTANDER","CONVENCION","54206"
"125","BOLIVAR","SAN FERNANDO","13650"
"126","SUCRE","SAMPUES","70670"
"127","CORDOBA","CHIMA","23168"
"128","BOLIVAR","MARGARITA","13440"
"129","SUCRE","GALERAS","70235"
"130","CORDOBA","COTORRA","23300"
"131","CORDOBA","CHINU","23182"
"132","NORTE DE SANTANDER","TEORAMA","54800"
"133","CORDOBA","PUERTO ESCONDIDO","23574"
"134","NORTE DE SANTANDER","TIBU","54810"
"135","SUCRE","SAN BENITO ABAD","70678"
"136","CORDOBA","SAN PELAYO","23686"
"137","CESAR","TAMALAMEQUE","20787"
"138","BOLIVAR","PINILLOS","13549"
"139","CESAR","PAILITAS","20517"
"140","SUCRE","SUCRE","70771"
"141","CORDOBA","CIENAGA DE ORO","23189"
"142","BOLIVAR","HATILLO DE LOBA","13300"
"143","CORDOBA","SAHAGUN","23660"
"144","BOLIVAR","EL PEON","13268"
"145","BOLIVAR","SAN MARTIN DE LOBA","13667"
"146","CORDOBA","LOS CORDOBAS","23419"
"147","CORDOBA","CERETE","23162"
"148","BOLIVAR","BARRANCO DE LOBA","13074"
"149","CORDOBA","MONTERIA","23001"
"150","SUCRE","CAIMITO","70124"
"151","ANTIOQUIA","ARBOLETES","05051"
"152","CESAR","PELAYA","20550"
"153","SUCRE","LA UNION","70400"
"154","CORDOBA","SAN CARLOS","23678"
"155","CORDOBA","CANALETE","23090"
"156","NORTE DE SANTANDER","EL TARRA","54250"
"157","BOLIVAR","ALTOS DEL ROSARIO","13030"
"158","BOLIVAR","REGIDOR","13580"
"159","ANTIOQUIA","SAN JUAN DE URABA","05659"
"160","BOLIVAR","ACHI","13006"
"161","CESAR","LA GLORIA","20383"
"162","SUCRE","MAJAGUAL","70429"
"163","SUCRE","SAN MARCOS","70708"
"164","ANTIOQUIA","NECOCLI","05490"
"165","BOLIVAR","RIO VIEJO","13600"
"166","CHOCO","ACANDI","27006"
"167","BOLIVAR","TIQUISIO","13810"
"168","ANTIOQUIA","SAN PEDRO DE URABA","05665"
"169","CORDOBA","PUEBLO NUEVO","23570"
"170","NORTE DE SANTANDER","SAN CALIXTO","54670"
"171","CORDOBA","PLANETA RICA","23555"
"172","SUCRE","GUARANDA","70265"
"173","CESAR","AGUACHICA","20011"
"174","CORDOBA","AYAPEL","23068"
"175","NORTE DE SANTANDER","HACARI","54344"
"176","CESAR","GAMARRA","20295"
"177","BOLIVAR","MORALES","13473"
"178","BOLIVAR","MONTECRISTO","13458"
"179","CESAR","GONZALEZ","20310"
"180","NORTE DE SANTANDER","SARDINATA","54720"
"181","ANTIOQUIA","TURBO","05837"
"182","CORDOBA","VALENCIA","23855"
"183","NORTE DE SANTANDER","CUCUTA","54001"
"184","NORTE DE SANTANDER","OCAA","54498"
"185","BOLIVAR","SAN JACINTO DEL CAUCA","13655"
"186","NORTE DE SANTANDER","PUERTO SANTANDER","54553"
"187","CHOCO","UNGUIA","27800"
"188","CORDOBA","BUENAVISTA","23079"
"189","CORDOBA","TIERRALTA","23807"
"190","NORTE DE SANTANDER","LA PLAYA","54398"
"191","CESAR","RIO DE ORO","20614"
"192","BOLIVAR","ARENAL","13042"
"193","NORTE DE SANTANDER","EL ZULIA","54261"
"194","NORTE DE SANTANDER","ABREGO","54003"
"195","ANTIOQUIA","NECHI","05495"
"196","NORTE DE SANTANDER","BUCARASICA","54109"
"197","CORDOBA","MONTELIBANO","23466"
"198","ANTIOQUIA","EL BAGRE","05250"
"199","BOLIVAR","SIMITI","13744"
"200","CORDOBA","LA APARTADA","23350"
"201","SANTANDER","PUERTO WILCHES","68575"
"202","BOLIVAR","SANTA ROSA DEL SUR","13688"
"203","CESAR","SAN MARTIN","20770"
"204","NORTE DE SANTANDER","VILLA CARO","54871"
"205","ANTIOQUIA","APARTADO","05045"
"206","ANTIOQUIA","CAUCASIA","05154"
"207","CESAR","SAN ALBERTO","20710"
"208","NORTE DE SANTANDER","LOURDES","54418"
"209","NORTE DE SANTANDER","GRAMALOTE","54313"
"210","ANTIOQUIA","CACERES","05120"
"211","CORDOBA","PUERTO LIBERTADOR","23580"
"212","NORTE DE SANTANDER","SANTIAGO","54680"
"213","NORTE DE SANTANDER","SAN CAYETANO","54673"
"214","CHOCO","RIOSUCIO","27615"
"215","ANTIOQUIA","CAREPA","05147"
"216","NORTE DE SANTANDER","SALAZAR","54660"
"217","NORTE DE SANTANDER","VILLA DEL ROSARIO","54874"
"218","NORTE DE SANTANDER","CACHIRA","54128"
"219","NORTE DE SANTANDER","DURANIA","54239"
"220","NORTE DE SANTANDER","LOS PATIOS","54405"
"221","NORTE DE SANTANDER","LA ESPERANZA","54385"
"222","ANTIOQUIA","CHIGORODO","05172"
"223","ANTIOQUIA","TARAZA","05790"
"224","NORTE DE SANTANDER","BOCHALEMA","54099"
"225","SANTANDER","RIONEGRO","68615"
"226","NORTE DE SANTANDER","ARBOLEDAS","54051"
"227","ANTIOQUIA","ZARAGOZA","05895"
"228","SANTANDER","SABANA DE TORRES","68655"
"229","NORTE DE SANTANDER","CHINACOTA","54172"
"230","NORTE DE SANTANDER","RAGONVALIA","54599"
"231","SANTANDER","SURATA","68780"
"232","NORTE DE SANTANDER","CUCUTILLA","54223"
"233","SANTANDER","EL PLAYON","68255"
"234","NORTE DE SANTANDER","PAMPLONITA","54520"
"235","NORTE DE SANTANDER","HERRAN","54347"
"236","BOLIVAR","SAN PABLO","13670"
"237","SANTANDER","CALIFORNIA","68132"
"238","CHOCO","JURADO","27372"
"239","ANTIOQUIA","SEGOVIA","05736"
"240","SANTANDER","VETAS","68867"
"241","NORTE DE SANTANDER","TOLEDO","54820"
"242","SANTANDER","MATANZA","68444"
"243","BOLIVAR","CANTAGALLO","13160"
"244","NORTE DE SANTANDER","PAMPLONA","54518"
"245","ANTIOQUIA","ANORI","05040"
"246","ANTIOQUIA","VALDIVIA","05854"
"247","ANTIOQUIA","ITUANGO","05361"
"248","SANTANDER","LEBRIJA","68406"
"249","NORTE DE SANTANDER","LABATECA","54377"
"250","NORTE DE SANTANDER","MUTISCUA","54480"
"251","SANTANDER","CHARTA","68169"
"252","NORTE DE SANTANDER","CACOTA","54125"
"253","NORTE DE SANTANDER","SILOS","54743"
"254","ANTIOQUIA","AMALFI","05031"
"255","ANTIOQUIA","YONDO","05893"
"256","SANTANDER","GIRON","68307"
"257","ANTIOQUIA","REMEDIOS","05604"
"258","SANTANDER","TONA","68820"
"259","ANTIOQUIA","YARUMAL","05887"
"260","NORTE DE SANTANDER","CHITAGA","54174"
"261","SANTANDER","BUCARAMANGA","68001"
"262","SANTANDER","BARRANCABERMEJA","68081"
"263","ANTIOQUIA","BRICEO","05107"
"264","ANTIOQUIA","PEQUE","05543"
"265","ANTIOQUIA","DABEIBA","05234"
"266","ANTIOQUIA","CAMPAMENTO","05134"
"267","SANTANDER","SAN VICENTE DE CHUCURI","68689"
"268","SANTANDER","FLORIDABLANCA","68276"
"269","SANTANDER","BETULIA","68092"
"270","SANTANDER","PIEDECUESTA","68547"
"271","ANTIOQUIA","TOLEDO","05819"
"272","ARAUCA","ARAUCA","81001"
"273","SANTANDER","SANTA BARBARA","68705"
"274","ANTIOQUIA","SABANALARGA","05628"
"275","ARAUCA","SARAVENA","81736"
"276","ARAUCA","ARAUQUITA","81065"
"277","SANTANDER","GUACA","68318"
"278","ANTIOQUIA","URAMITA","05842"
"279","BOYACA","CUBARA","15223"
"280","ANTIOQUIA","MURINDO","05475"
"281","ANTIOQUIA","SAN ANDRES","05647"
"282","ANTIOQUIA","CAASGORDAS","05138"
"283","SANTANDER","CERRITO","68162"
"284","SANTANDER","ZAPATOCA","68895"
"285","ANTIOQUIA","BURITICA","05113"
"286","ANTIOQUIA","VEGACHI","05858"
"287","ANTIOQUIA","ANGOSTURA","05038"
"288","ANTIOQUIA","GUADALUPE","05315"
"289","SANTANDER","SIMACOTA","68745"
"290","SANTANDER","SAN ANDRES","68669"
"291","ANTIOQUIA","FRONTINO","05284"
"292","ANTIOQUIA","SAN JOSE DE LA MONTAA","05658"
"293","ANTIOQUIA","GOMEZ PLATA","05310"
"294","SANTANDER","CONCEPCION","68207"
"295","SANTANDER","LOS SANTOS","68418"
"296","CHOCO","BOJAYA","27099"
"297","SANTANDER","EL CARMEN DE CHUCURI","68235"
"298","ANTIOQUIA","SANTA ROSA DE OSOS","05686"
"299","SANTANDER","PUERTO PARRA","68573"
"300","ARAUCA","FORTUL","81300"
"301","ANTIOQUIA","VIGIA DEL FUERTE","05873"
"302","BOYACA","CHISCAS","15180"
"303","ANTIOQUIA","CAROLINA","05150"
"304","ANTIOQUIA","YOLOMBO","05890"
"305","SANTANDER","ARATOCA","68051"
"306","CHOCO","BAHIA SOLANO","27075"
"307","SANTANDER","CEPITA","68160"
"308","ANTIOQUIA","LIBORINA","05411"
"309","ANTIOQUIA","BELMIRA","05086"
"310","ANTIOQUIA","YALI","05885"
"311","SANTANDER","GALAN","68296"
"312","SANTANDER","MALAGA","68432"
"313","SANTANDER","CIMITARRA","68190"
"314","SANTANDER","VILLANUEVA","68872"
"315","ANTIOQUIA","ABRIAQUI","05004"
"316","SANTANDER","CARCASI","68152"
"317","ANTIOQUIA","PUERTO BERRIO","05579"
"318","SANTANDER","JORDAN","68370"
"319","BOYACA","GUICAN","15332"
"320","ANTIOQUIA","GIRALDO","05306"
"321","SANTANDER","BARICHARA","68079"
"322","SANTANDER","ENCISO","68266"
"323","SANTANDER","MOLAGAVITA","68468"
"324","ARAUCA","CRAVO NORTE","81220"
"325","ARAUCA","TAME","81794"
"326","SANTANDER","SAN JOSE DE MIRANDA","68684"
"327","ANTIOQUIA","ENTRERRIOS","05264"
"328","SANTANDER","CURITI","68229"
"329","ARAUCA","PUERTO RONDON","81591"
"330","ANTIOQUIA","OLAYA","05501"
"331","ANTIOQUIA","SANTAFE DE ANTIOQUIA","05042"
"332","SANTANDER","CABRERA","68121"
"333","SANTANDER","SAN GIL","68679"
"334","ANTIOQUIA","MACEO","05425"
"335","SANTANDER","MOGOTES","68464"
"336","SANTANDER","HATO","68344"
"337","ANTIOQUIA","SOPETRAN","05761"
"338","SANTANDER","SAN MIGUEL","68686"
"339","ANTIOQUIA","URRAO","05847"
"340","SANTANDER","CAPITANEJO","68147"
"341","ANTIOQUIA","CISNEROS","05190"
"342","SANTANDER","MACARAVITA","68425"
"343","BOYACA","COVARACHIA","15218"
"344","ANTIOQUIA","DON MATIAS","05237"
"345","ANTIOQUIA","SANTO DOMINGO","05690"
"346","SANTANDER","PINCHOTE","68549"
"347","SANTANDER","PALMAR","68522"
"348","SANTANDER","SAN JOAQUIN","68682"
"349","SANTANDER","ONZAGA","68502"
"350","ANTIOQUIA","SAN ROQUE","05670"
"351","SANTANDER","VELEZ","68861"
"352","SANTANDER","LANDAZURI","68385"
"353","SANTANDER","SOCORRO","68755"
"354","ANTIOQUIA","CAICEDO","05125"
"355","ANTIOQUIA","BARBOSA","05079"
"356","BOYACA","EL ESPINO","15248"
"357","ANTIOQUIA","SAN PEDRO","05664"
"358","ANTIOQUIA","SAN JERONIMO","05656"
"359","SANTANDER","SANTA HELENA DEL OPON","68720"
"360","SANTANDER","PARAMO","68533"
"361","BOYACA","GUACAMAYAS","15317"
"362","SANTANDER","VALLE DE SAN JOSE","68855"
"363","BOYACA","SAN MATEO","15673"
"364","SANTANDER","CHIMA","68176"
"365","BOYACA","PANQUEBA","15522"
"366","BOYACA","TIPACOQUE","15810"
"367","ANTIOQUIA","CARACOLI","05142"
"368","ANTIOQUIA","CONCEPCION","05206"
"369","ANTIOQUIA","GIRARDOTA","05308"
"370","BOYACA","BOAVITA","15097"
"371","ANTIOQUIA","COPACABANA","05212"
"372","ANTIOQUIA","BELLO","05088"
"373","ANTIOQUIA","EBEJICO","05240"
"374","SANTANDER","PALMAS DEL SOCORRO","68524"
"375","ANTIOQUIA","ANZA","05044"
"376","ANTIOQUIA","ALEJANDRIA","05021"
"377","BOYACA","EL COCUY","15244"
"378","ANTIOQUIA","SAN RAFAEL","05667"
"379","SANTANDER","CONFINES","68209"
"380","SANTANDER","OCAMONTE","68498"
"381","ANTIOQUIA","MEDELLIN","05001"
"382","ANTIOQUIA","SAN VICENTE","05674"
"383","SANTANDER","COROMORO","68217"
"384","SANTANDER","CONTRATACION","68211"
"385","SANTANDER","LA PAZ","68397"
"386","SANTANDER","CHARALA","68167"
"387","BOYACA","SOATA","15753"
"388","SANTANDER","GUAPOTA","68322"
"389","ANTIOQUIA","PEOL","05541"
"390","CHOCO","QUIBDO","27001"
"391","BOYACA","LA UVITA","15403"
"392","SANTANDER","OIBA","68500"
"393","ANTIOQUIA","SAN CARLOS","05649"
"394","ANTIOQUIA","GUARNE","05318"
"395","SANTANDER","EL GUACAMAYO","68245"
"396","VICHADA","PUERTO CARREO","99001"
"397","SANTANDER","GUADALUPE","68320"
"398","ANTIOQUIA","GUATAPE","05321"
"399","ANTIOQUIA","BETULIA","05093"
"400","ANTIOQUIA","HELICONIA","05347"
"401","BOYACA","CHITA","15183"
"402","BOYACA","SUSACON","15774"
"403","SANTANDER","BOLIVAR","68101"
"404","ANTIOQUIA","PUERTO NARE","05585"
"405","BOYACA","PUERTO BOYACA","15572"
"406","CASANARE","HATO COROZAL","85125"
"407","ANTIOQUIA","MARINILLA","05440"
"408","ANTIOQUIA","ARMENIA","05059"
"409","ANTIOQUIA","RIONEGRO","05615"
"410","CASANARE","LA SALINA","85136"
"411","ANTIOQUIA","GRANADA","05313"
"412","ANTIOQUIA","RETIRO","05607"
"413","SANTANDER","AGUADA","68013"
"414","ANTIOQUIA","ITAGUI","05360"
"415","ANTIOQUIA","ENVIGADO","05266"
"416","VICHADA","LA PRIMAVERA","99524"
"417","ANTIOQUIA","ANGELOPOLIS","05036"
"418","SANTANDER","ENCINO","68264"
"419","ANTIOQUIA","LA ESTRELLA","05380"
"420","SANTANDER","SUAITA","68770"
"421","BOYACA","JERICO","15368"
"422","SANTANDER","EL PEON","68250"
"423","ANTIOQUIA","CONCORDIA","05209"
"424","ANTIOQUIA","SABANETA","05631"
"425","ANTIOQUIA","EL SANTUARIO","05697"
"426","BOYACA","SATIVANORTE","15720"
"427","SANTANDER","SAN BENITO","68673"
"428","BOYACA","TUTAZA","15839"
"429","ANTIOQUIA","TITIRIBI","05809"
"430","ANTIOQUIA","EL CARMEN DE VIBORAL","05148"
"431","ANTIOQUIA","SAN LUIS","05660"
"432","BOYACA","SOCOTA","15755"
"433","ANTIOQUIA","CALDAS","05129"
"434","SANTANDER","CHIPATA","68179"
"435","ANTIOQUIA","SALGAR","05642"
"436","CASANARE","SACAMA","85315"
"437","SANTANDER","SUCRE","68773"
"438","ANTIOQUIA","COCORNA","05197"
"439","CASANARE","PAZ DE ARIPORO","85250"
"440","BOYACA","SANTANA","15686"
"441","ANTIOQUIA","AMAGA","05030"
"442","BOYACA","SATIVASUR","15723"
"443","SANTANDER","GUEPSA","68327"
"444","BOYACA","PAZ DE RIO","15537"
"445","ANTIOQUIA","LA CEJA","05376"
"446","CHOCO","ALTO BAUDO","27025"
"447","BOYACA","SOCHA","15757"
"448","ANTIOQUIA","LA UNION","05400"
"449","BOYACA","BELEN","15087"
"450","BOYACA","CHITARAQUE","15185"
"451","BOYACA","SAN JOSE DE PARE","15664"
"452","ANTIOQUIA","PUERTO TRIUNFO","05591"
"453","CASANARE","TAMARA","85400"
"454","SANTANDER","GAMBITA","68298"
"455","ANTIOQUIA","VENECIA","05861"
"456","CHOCO","NUQUI","27495"
"457","SANTANDER","BARBOSA","68077"
"458","SANTANDER","LA BELLEZA","68377"
"459","ANTIOQUIA","SANTA BARBARA","05679"
"460","SANTANDER","GUAVATA","68324"
"461","CHOCO","EL CARMEN DE ATRATO","27245"
"462","BOYACA","CERINZA","15162"
"463","BOYACA","PAIPA","15516"
"464","BOYACA","DUITAMA","15238"
"465","ANTIOQUIA","MONTEBELLO","05467"
"466","ANTIOQUIA","FREDONIA","05282"
"467","BOYACA","SANTA ROSA DE VITERBO","15693"
"468","ANTIOQUIA","SAN FRANCISCO","05652"
"469","BOYACA","BETEITIVA","15092"
"470","BOYACA","TOGUI","15816"
"471","BOYACA","MONIQUIRA","15469"
"472","ANTIOQUIA","TARSO","05792"
"473","BOYACA","TASCO","15790"
"474","ANTIOQUIA","CIUDAD BOLIVAR","05101"
"475","SANTANDER","PUENTE NACIONAL","68572"
"476","ANTIOQUIA","ABEJORRAL","05002"
"477","ANTIOQUIA","SONSON","05756"
"478","SANTANDER","JESUS MARIA","68368"
"479","BOYACA","FLORESTA","15276"
"480","BOYACA","OTANCHE","15507"
"481","ANTIOQUIA","PUEBLORRICO","05576"
"482","ANTIOQUIA","JERICO","05368"
"483","SANTANDER","FLORIAN","68271"
"484","SANTANDER","ALBANIA","68020"
"485","BOYACA","CORRALES","15215"
"486","BOYACA","SOTAQUIRA","15763"
"487","BOYACA","BUSBANZA","15114"
"488","BOYACA","PISBA","15550"
"489","ANTIOQUIA","LA PINTADA","05390"
"490","BOYACA","ARCABUCO","15051"
"491","CUNDINAMARCA","YACOPI","25885"
"492","BOYACA","GAMEZA","15296"
"493","CASANARE","PORE","85263"
"494","ANTIOQUIA","HISPANIA","05353"
"495","BOYACA","PAYA","15533"
"496","BOYACA","PAUNA","15531"
"497","ANTIOQUIA","TAMESIS","05789"
"498","ANTIOQUIA","BETANIA","05091"
"499","BOYACA","GACHANTIVA","15293"
"500","BOYACA","COMBITA","15204"
"501","BOYACA","NOBSA","15491"
"502","BOYACA","TIBASOSA","15806"
"503","CUNDINAMARCA","PUERTO SALGAR","25572"
"504","BOYACA","SANTA SOFIA","15696"
"505","BOYACA","TOPAGA","15820"
"506","BOYACA","SABOYA","15632"
"507","ANTIOQUIA","ANDES","05034"
"508","ANTIOQUIA","ARGELIA","05055"
"509","BOYACA","SAN PABLO DE BORBUR","15681"
"510","BOYACA","MONGUA","15464"
"511","BOYACA","SOGAMOSO","15759"
"512","ANTIOQUIA","VALPARAISO","05856"
"513","CHOCO","LLORO","27413"
"514","CALDAS","AGUADAS","17013"
"515","BOYACA","TUNUNGUA","15832"
"516","BOYACA","MONGUI","15466"
"517","BOYACA","CHIQUINQUIRA","15176"
"518","BOYACA","BRICEO","15106"
"519","BOYACA","TUTA","15837"
"520","CASANARE","NUNCHIA","85225"
"521","BOYACA","VILLA DE LEYVA","15407"
"522","BOYACA","FIRAVITOBA","15272"
"523","BOYACA","SUTAMARCHAN","15776"
"524","BOYACA","MOTAVITA","15476"
"525","ANTIOQUIA","JARDIN","05364"
"526","ANTIOQUIA","NARIO","05483"
"527","BOYACA","LABRANZAGRANDE","15377"
"528","BOYACA","CHIQUIZA","15232"
"529","CHOCO","BAGADO","27073"
"530","BOYACA","MARIPI","15442"
"531","BOYACA","QUIPAMA","15580"
"532","BOYACA","OICATA","15500"
"533","BOYACA","AQUITANIA","15047"
"534","BOYACA","IZA","15362"
"535","BOYACA","TOCA","15814"
"536","BOYACA","SORA","15762"
"537","BOYACA","TUNJA","15001"
"538","BOYACA","TINJACA","15808"
"539","BOYACA","PESCA","15542"
"540","BOYACA","CHIVATA","15187"
"541","BOYACA","CALDAS","15131"
"542","BOYACA","SACHICA","15638"
"543","BOYACA","SAN MIGUEL DE SEMA","15676"
"544","ANTIOQUIA","CARAMANTA","05145"
"545","BOYACA","MUZO","15480"
"546","BOYACA","CUITIVA","15226"
"547","CALDAS","PACORA","17513"
"548","CALDAS","VICTORIA","17867"
"549","CUNDINAMARCA","SIMIJACA","25745"
"550","BOYACA","RAQUIRA","15600"
"551","CHOCO","BAJO BAUDO","27077"
"552","BOYACA","CUCAITA","15224"
"553","CASANARE","SAN LUIS DE PALENQUE","85325"
"554","BOYACA","TOTA","15822"
"555","CASANARE","YOPAL","85001"
"556","CUNDINAMARCA","CAPARRAPI","25148"
"557","CASANARE","TRINIDAD","85430"
"558","BOYACA","SAMACA","15646"
"559","VICHADA","SANTA ROSALIA","99624"
"560","CALDAS","PENSILVANIA","17541"
"561","CALDAS","RIOSUCIO","17614"
"562","BOYACA","SIACHOQUE","15740"
"563","BOYACA","LA VICTORIA","15401"
"564","BOYACA","BUENAVISTA","15109"
"565","CALDAS","MARMATO","17442"
"566","CALDAS","SUPIA","17777"
"567","BOYACA","COPER","15212"
"568","BOYACA","SORACA","15764"
"569","CUNDINAMARCA","SUSA","25779"
"570","RISARALDA","MISTRATO","66456"
"571","CUNDINAMARCA","GUACHETA","25317"
"572","CUNDINAMARCA","FUQUENE","25288"
"573","BOYACA","VIRACACHA","15879"
"574","CALDAS","SALAMINA","17653"
"575","VICHADA","CUMARIBO","99773"
"576","CUNDINAMARCA","CARMEN DE CARUPA","25154"
"577","CUNDINAMARCA","PAIME","25518"
"578","BOYACA","RONDON","15621"
"579","BOYACA","BOYACA","15104"
"580","CALDAS","LA MERCED","17388"
"581","CUNDINAMARCA","LA PALMA","25394"
"582","CHOCO","CANTON DEL SAN PABLO","27135"
"583","BOYACA","PAJARITO","15518"
"584","BOYACA","VENTAQUEMADA","15861"
"585","CUNDINAMARCA","GUADUAS","25320"
"586","CUNDINAMARCA","SAN CAYETANO","25653"
"587","CUNDINAMARCA","TOPAIPI","25823"
"588","BOYACA","RAMIRIQUI","15599"
"589","BOYACA","CIENEGA","15189"
"590","RISARALDA","PUEBLO RICO","66572"
"591","BOYACA","JENESANO","15367"
"592","RISARALDA","QUINCHIA","66594"
"593","BOYACA","NUEVO COLON","15494"
"594","RISARALDA","GUATICA","66318"
"595","CHOCO","TADO","27787"
"596","CALDAS","FILADELFIA","17272"
"597","CUNDINAMARCA","UBATE","25843"
"598","CASANARE","AGUAZUL","85010"
"599","CUNDINAMARCA","LENGUAZAQUE","25407"
"600","BOYACA","TIBANA","15804"
"601","CASANARE","RECETOR","85279"
"602","CASANARE","CHAMEZA","85015"
"603","BOYACA","TURMEQUE","15835"
"604","BOYACA","ZETAQUIRA","15897"
"605","CALDAS","ARANZAZU","17050"
"606","CALDAS","MARULANDA","17446"
"607","CUNDINAMARCA","VILLAGOMEZ","25871"
"608","CALDAS","MARQUETALIA","17444"
"609","CUNDINAMARCA","VILLAPINZON","25873"
"610","CALDAS","MANZANARES","17433"
"611","CUNDINAMARCA","EL PEON","25258"
"612","TOLIMA","MARIQUITA","73443"
"613","TOLIMA","HONDA","73349"
"614","CUNDINAMARCA","CUCUNUBA","25224"
"615","CALDAS","ANSERMA","17042"
"616","TOLIMA","FRESNO","73283"
"617","BOYACA","SAN EDUARDO","15660"
"618","CALDAS","NEIRA","17486"
"619","CUNDINAMARCA","LA PEA","25398"
"620","CUNDINAMARCA","PACHO","25513"
"621","CUNDINAMARCA","SUTATAUSA","25781"
"622","RISARALDA","BELEN DE UMBRIA","66088"
"623","BOYACA","CHINAVITA","15172"
"624","BOYACA","BERBEO","15090"
"625","BOYACA","UMBITA","15842"
"626","CUNDINAMARCA","TAUSA","25793"
"627","CUNDINAMARCA","UTICA","25851"
"628","CHOCO","CONDOTO","27205"
"629","RISARALDA","APIA","66045"
"630","CUNDINAMARCA","CHOCONTA","25183"
"631","CHOCO","ITSMINA","27361"
"632","CUNDINAMARCA","SUESCA","25772"
"633","BOYACA","MIRAFLORES","15455"
"634","CUNDINAMARCA","NIMAIMA","25489"
"635","CUNDINAMARCA","VERGARA","25862"
"636","BOYACA","PAEZ","15514"
"637","CASANARE","OROCUE","85230"
"638","CALDAS","RISARALDA","17616"
"639","BOYACA","PACHAVITA","15511"
"640","BOYACA","GARAGOA","15299"
"641","TOLIMA","FALAN","73270"
"642","CUNDINAMARCA","COGUA","25200"
"643","CALDAS","MANIZALES","17001"
"644","TOLIMA","HERVEO","73347"
"645","CASANARE","TAURAMENA","85410"
"646","CALDAS","SAN JOSE","17665"
"647","CUNDINAMARCA","ZIPAQUIRA","25899"
"648","CUNDINAMARCA","QUEBRADANEGRA","25592"
"649","TOLIMA","PALOCABILDO","73520"
"650","CUNDINAMARCA","NEMOCON","25486"
"651","BOYACA","LA CAPILLA","15380"
"652","CALDAS","PALESTINA","17524"
"653","CALDAS","VITERBO","17877"
"654","CUNDINAMARCA","MACHETA","25426"
"655","TOLIMA","ARMERO","73055"
"656","CUNDINAMARCA","TIBIRITA","25807"
"657","TOLIMA","CASABIANCA","73152"
"658","RISARALDA","SANTUARIO","66687"
"659","CUNDINAMARCA","SUPATA","25777"
"660","CUNDINAMARCA","NOCAIMA","25491"
"661","BOYACA","CAMPOHERMOSO","15135"
"662","BOYACA","TENZA","15798"
"663","CUNDINAMARCA","VILLETA","25875"
"664","CHOCO","NOVITA","27491"
"665","CUNDINAMARCA","SESQUILE","25736"
"666","CUNDINAMARCA","SUBACHOQUE","25769"
"667","CALDAS","BELALCAZAR","17088"
"668","CALDAS","CHINCHINA","17174"
"669","CASANARE","MANI","85139"
"670","RISARALDA","LA CELIA","66383"
"671","CUNDINAMARCA","LA VEGA","25402"
"672","BOYACA","GUATEQUE","15322"
"673","RISARALDA","MARSELLA","66440"
"674","CALDAS","VILLAMARIA","17873"
"675","CUNDINAMARCA","MANTA","25436"
"676","TOLIMA","VILLAHERMOSA","73870"
"677","BOYACA","MACANAL","15425"
"678","BOYACA","SUTATENZA","15778"
"679","CUNDINAMARCA","GACHANCIPA","25295"
"680","CUNDINAMARCA","SASAIMA","25718"
"681","CUNDINAMARCA","SAN FRANCISCO","25658"
"682","CASANARE","MONTERREY","85162"
"683","CUNDINAMARCA","TOCANCIPA","25817"
"684","RISARALDA","BALBOA","66075"
"685","CUNDINAMARCA","CHAGUANI","25168"
"686","BOYACA","SOMONDOCO","15761"
"687","CUNDINAMARCA","TABIO","25785"
"688","CHOCO","SAN JOSE DEL PALMAR","27660"
"689","BOYACA","ALMEIDA","15022"
"690","CUNDINAMARCA","GUATAVITA","25326"
"691","VALLE DEL CAUCA","EL AGUILA","76243"
"692","BOYACA","GUAYATA","15325"
"693","CASANARE","SABANALARGA","85300"
"694","CUNDINAMARCA","CAJICA","25126"
"695","CUNDINAMARCA","SAN JUAN DE RIO SECO","25662"
"696","RISARALDA","SANTA ROSA DE CABAL","66682"
"697","CUNDINAMARCA","VIANI","25867"
"698","CUNDINAMARCA","SOPO","25758"
"699","BOYACA","SAN LUIS DE GACENO","15667"
"700","TOLIMA","LIBANO","73411"
"701","TOLIMA","LERIDA","73408"
"702","CUNDINAMARCA","ALBAN","25019"
"703","CUNDINAMARCA","GACHETA","25297"
"704","CUNDINAMARCA","GUAYABAL DE  SIQUIMA","25328"
"705","BOYACA","SANTA MARIA","15690"
"706","TOLIMA","AMBALEMA","73030"
"707","RISARALDA","LA VIRGINIA","66400"
"708","CUNDINAMARCA","GUASCA","25322"
"709","CUNDINAMARCA","EL ROSAL","25260"
"710","BOYACA","CHIVOR","15236"
"711","CUNDINAMARCA","CHIA","25175"
"712","TOLIMA","MURILLO","73461"
"713","RISARALDA","PEREIRA","66001"
"714","CUNDINAMARCA","TENJO","25799"
"715","CUNDINAMARCA","BITUIMA","25095"
"716","CUNDINAMARCA","FACATATIVA","25269"
"717","RISARALDA","DOSQUEBRADAS","66170"
"718","CUNDINAMARCA","UBALA","25839"
"719","VALLE DEL CAUCA","ANSERMANUEVO","76041"
"720","META","PUERTO GAITAN","50568"
"721","CUNDINAMARCA","MADRID","25430"
"722","VALLE DEL CAUCA","EL CAIRO","76246"
"723","CUNDINAMARCA","COTA","25214"
"724","CUNDINAMARCA","BELTRAN","25086"
"725","CUNDINAMARCA","ANOLAIMA","25040"
"726","SANTAFE DE BOGOTA D.C","SANTAFE DE BOGOTA D.C.","11001"
"727","CUNDINAMARCA","JUNIN","25372"
"728","VALLE DEL CAUCA","CARTAGO","76147"
"729","CHOCO","SIPI","27745"
"730","CUNDINAMARCA","LA CALERA","25377"
"731","VALLE DEL CAUCA","ARGELIA","76054"
"732","CUNDINAMARCA","ZIPACON","25898"
"733","TOLIMA","VENADILLO","73861"
"734","CUNDINAMARCA","QUIPILE","25596"
"735","TOLIMA","SANTA ISABEL","73686"
"736","CUNDINAMARCA","FUNZA","25286"
"737","CUNDINAMARCA","GACHALA","25293"
"738","CUNDINAMARCA","GAMA","25299"
"739","CUNDINAMARCA","BOJACA","25099"
"740","CUNDINAMARCA","UBALA","25839"
"741","CUNDINAMARCA","PULI","25580"
"742","CUNDINAMARCA","CACHIPAY","25123"
"743","VALLE DEL CAUCA","ULLOA","76845"
"744","CUNDINAMARCA","TENA","25797"
"745","CUNDINAMARCA","PARATEBUENO","25530"
"746","CUNDINAMARCA","MOSQUERA","25473"
"747","TOLIMA","ANZOATEGUI","73043"
"748","VALLE DEL CAUCA","VERSALLES","76863"
"749","QUINDIO","FILANDIA","63272"
"750","CASANARE","VILLANUEVA","85440"
"751","QUINDIO","SALENTO","63690"
"752","VALLE DEL CAUCA","TORO","76823"
"753","TOLIMA","ALVARADO","73026"
"754","CUNDINAMARCA","LA MESA","25386"
"755","VALLE DEL CAUCA","ALCALA","76020"
"756","CUNDINAMARCA","FOMEQUE","25279"
"757","META","BARRANCA DE UPIA","50110"
"758","QUINDIO","CIRCASIA","63190"
"759","TOLIMA","IBAGUE","73001"
"760","CUNDINAMARCA","CHOACHI","25181"
"761","CUNDINAMARCA","SAN ANTONIO DEL TEQUENDAMA","25645"
"762","CUNDINAMARCA","JERUSALEN","25368"
"763","CUNDINAMARCA","MEDINA","25438"
"764","QUINDIO","QUIMBAYA","63594"
"765","CUNDINAMARCA","SOACHA","25754"
"766","CUNDINAMARCA","ANAPOIMA","25035"
"767","TOLIMA","PIEDRAS","73547"
"768","CUNDINAMARCA","APULO","25599"
"769","VALLE DEL CAUCA","OBANDO","76497"
"770","CUNDINAMARCA","EL COLEGIO","25245"
"771","CUNDINAMARCA","TOCAIMA","25815"
"772","CUNDINAMARCA","GUATAQUI","25324"
"773","TOLIMA","CAJAMARCA","73124"
"774","VALLE DEL CAUCA","LA UNION","76400"
"775","QUINDIO","MONTENEGRO","63470"
"776","QUINDIO","ARMENIA","63001"
"777","VALLE DEL CAUCA","EL DOVIO","76250"
"778","VALLE DEL CAUCA","LA VICTORIA","76403"
"779","CUNDINAMARCA","UBAQUE","25841"
"780","CUNDINAMARCA","GRANADA","25312"
"781","QUINDIO","CALARCA","63130"
"782","CHOCO","EL LITORAL DEL SAN JUAN","27250"
"783","CUNDINAMARCA","SIBATE","25740"
"784","META","SAN JUANITO","50686"
"785","VALLE DEL CAUCA","ROLDANILLO","76622"
"786","QUINDIO","LA TEBAIDA","63401"
"787","CUNDINAMARCA","VIOTA","25878"
"788","CUNDINAMARCA","SILVANIA","25743"
"789","TOLIMA","COELLO","73200"
"790","VALLE DEL CAUCA","ZARZAL","76895"
"791","CUNDINAMARCA","CHIPAQUE","25178"
"792","VALLE DEL CAUCA","SEVILLA","76736"
"793","META","EL CALVARIO","50245"
"794","CUNDINAMARCA","CAQUEZA","25151"
"795","CUNDINAMARCA","NARIO","25483"
"796","META","CABUYARO","50124"
"797","VALLE DEL CAUCA","BOLIVAR","76100"
"798","CUNDINAMARCA","GIRARDOT","25307"
"799","VALLE DEL CAUCA","CAICEDONIA","76122"
"800","QUINDIO","CORDOBA","63212"
"801","QUINDIO","BUENAVISTA","63111"
"802","META","RESTREPO","50606"
"803","CUNDINAMARCA","UNE","25845"
"804","META","PUERTO LOPEZ","50573"
"805","CUNDINAMARCA","AGUA DE DIOS","25001"
"806","CUNDINAMARCA","PASCA","25535"
"807","CUNDINAMARCA","FUSAGASUGA","25290"
"808","TOLIMA","ROVIRA","73624"
"809","CUNDINAMARCA","QUETAME","25594"
"810","CUNDINAMARCA","TIBACUY","25805"
"811","QUINDIO","PIJAO","63548"
"812","CUNDINAMARCA","RICAURTE","25612"
"813","CUNDINAMARCA","FOSCA","25281"
"814","CUNDINAMARCA","NILO","25488"
"815","QUINDIO","GENOVA","63302"
"816","VALLE DEL CAUCA","BUGALAGRANDE","76113"
"817","TOLIMA","RONCESVALLES","73622"
"818","TOLIMA","SAN LUIS","73678"
"819","META","VILLAVICENCIO","50001"
"820","CUNDINAMARCA","GUTIERREZ","25339"
"821","META","CUMARAL","50226"
"822","TOLIMA","FLANDES","73275"
"823","CUNDINAMARCA","ARBELAEZ","25053"
"824","TOLIMA","VALLE DE SAN JUAN","73854"
"825","VALLE DEL CAUCA","TRUJILLO","76828"
"826","TOLIMA","MELGAR","73449"
"827","TOLIMA","ICONONZO","73352"
"828","CUNDINAMARCA","GUAYABETAL","25335"
"829","TOLIMA","SUAREZ","73770"
"830","VALLE DEL CAUCA","BUENAVENTURA","76109"
"831","CUNDINAMARCA","PANDI","25524"
"832","TOLIMA","CARMEN DE APICALA","73148"
"833","VALLE DEL CAUCA","ANDALUCIA","76036"
"834","TOLIMA","ESPINAL","73268"
"835","TOLIMA","GUAMO","73319"
"836","META","ACACIAS","50006"
"837","CUNDINAMARCA","SAN BERNARDO","25649"
"838","VALLE DEL CAUCA","RIOFRIO","76616"
"839","VALLE DEL CAUCA","TULUA","76834"
"840","VALLE DEL CAUCA","SAN PEDRO","76670"
"841","TOLIMA","CUNDAY","73226"
"842","VALLE DEL CAUCA","DARIEN","76126"
"843","TOLIMA","ORTEGA","73504"
"844","CUNDINAMARCA","VENECIA","25506"
"845","TOLIMA","SAN ANTONIO","73675"
"846","VALLE DEL CAUCA","YOTOCO","76890"
"847","META","GUAMAL","50318"
"848","CUNDINAMARCA","CABRERA","25120"
"849","VALLE DEL CAUCA","BUGA","76111"
"850","GUAINIA","INIRIDA","94001"
"851","TOLIMA","CHAPARRAL","73168"
"852","TOLIMA","PURIFICACION","73585"
"853","META","SAN LUIS DE CUBARRAL","50223"
"854","META","SAN CARLOS DE GUAROA","50680"
"855","TOLIMA","VILLARRICA","73873"
"856","TOLIMA","SALDAA","73671"
"857","TOLIMA","COYAIMA","73217"
"858","META","CASTILLA LA NUEVA","50150"
"859","VALLE DEL CAUCA","DAGUA","76233"
"860","META","SAN MARTIN","50689"
"861","VALLE DEL CAUCA","RESTREPO","76606"
"862","VALLE DEL CAUCA","VIJES","76869"
"863","VALLE DEL CAUCA","GUACARI","76318"
"864","TOLIMA","PRADO","73563"
"865","VALLE DEL CAUCA","GINEBRA","76306"
"866","HUILA","COLOMBIA","41206"
"867","VALLE DEL CAUCA","LA CUMBRE","76377"
"868","VALLE DEL CAUCA","EL CERRITO","76248"
"869","TOLIMA","DOLORES","73236"
"870","GUAINIA","CACAHUAL","94886"
"871","VALLE DEL CAUCA","PALMIRA","76520"
"872","TOLIMA","RIOBLANCO","73616"
"873","META","EL DORADO","50270"
"874","GUAINIA","BARRANCO MINAS","94343"
"875","TOLIMA","NATAGAIMA","73483"
"876","META","LA URIBE","50370"
"877","META","LEJANIAS","50400"
"878","META","EL CASTILLO","50251"
"879","VALLE DEL CAUCA","YUMBO","76892"
"880","TOLIMA","ATACO","73067"
"881","META","GRANADA","50313"
"882","VALLE DEL CAUCA","CALI","76001"
"883","META","MESETAS","50330"
"884","META","FUENTE DE ORO","50287"
"885","TOLIMA","ALPUJARRA","73024"
"886","VALLE DEL CAUCA","PRADERA","76563"
"887","META","PUERTO LLERAS","50577"
"888","VALLE DEL CAUCA","CANDELARIA","76130"
"889","META","MAPIRIPAN","50325"
"890","HUILA","VILLAVIEJA","41872"
"891","HUILA","AIPE","41016"
"892","VALLE DEL CAUCA","FLORIDA","76275"
"893","TOLIMA","PLANADAS","73555"
"894","VALLE DEL CAUCA","JAMUNDI","76364"
"895","META","SAN JUAN DE ARAMA","50683"
"896","CAUCA","PUERTO TEJADA","19573"
"897","CAUCA","MIRANDA","19455"
"898","HUILA","BARAYA","41078"
"899","CAUCA","PADILLA","19513"
"900","CAUCA","LOPEZ","19418"
"901","HUILA","NEIVA","41001"
"902","CAUCA","CALOTO","19142"
"903","CAUCA","CORINTO","19212"
"904","META","VISTAHERMOSA","50711"
"905","HUILA","TELLO","41799"
"906","CAUCA","SANTANDER DE QUILICHAO","19698"
"907","META","PUERTO RICO","50590"
"908","CAUCA","BUENOS AIRES","19110"
"909","CAUCA","TORIBIO","19821"
"910","GUAINIA","PUERTO COLOMBIA","94884"
"911","HUILA","SANTA MARIA","41676"
"912","CAUCA","TIMBIQUI","19809"
"913","HUILA","PALERMO","41524"
"914","CAUCA","SUAREZ","19780"
"915","CAUCA","PAEZ","19517"
"916","HUILA","TERUEL","41801"
"917","CAUCA","JAMBALO","19364"
"918","CAUCA","CALDONO","19137"
"919","CAUCA","TIMBIQUI","19809"
"920","CAQUETA","SAN VICENTE DEL CAGUAN","18753"
"921","CAUCA","MORALES","19473"
"922","HUILA","IQUIRA","41357"
"923","HUILA","RIVERA","41615"
"924","GUAVIARE","SAN JOSE DEL GUAVIARE","95001"
"925","CAUCA","EL TAMBO","19256"
"926","META","PUERTO CONCORDIA","50450"
"927","CAUCA","PIENDAMO","19548"
"928","CAUCA","SILVIA","19743"
"929","CAUCA","CAJIBIO","19130"
"930","HUILA","NATAGA","41483"
"931","HUILA","CAMPOALEGRE","41132"
"932","CAUCA","GUAPI","19318"
"933","HUILA","YAGUARA","41885"
"934","HUILA","ALGECIRAS","41020"
"935","HUILA","TESALIA","41797"
"936","NARIO","SANTA BARBARA","52696"
"937","CAUCA","INZA","19355"
"938","META","LA MACARENA","50350"
"939","NARIO","EL CHARCO","52250"
"940","HUILA","HOBO","41349"
"941","CAUCA","TOTORO","19824"
"942","NARIO","MOSQUERA","52473"
"943","NARIO","LA TOLA","52390"
"944","CAUCA","POPAYAN","19001"
"945","HUILA","GIGANTE","41306"
"946","HUILA","LA PLATA","41396"
"947","GUAINIA","SAN FELIPE","94883"
"948","NARIO","OLAYA  HERRERA","52490"
"949","CAUCA","TIMBIO","19807"
"950","HUILA","PAICOL","41518"
"951","NARIO","FRANCISCO PIZARRO","52520"
"952","CAUCA","SOTARA","19760"
"953","CAUCA","PURACE","19585"
"954","CAUCA","ARGELIA","19050"
"955","HUILA","AGRADO","41013"
"956","CAQUETA","PUERTO RICO","18592"
"957","CAUCA","PATIA","19532"
"958","GUAINIA","PANA PANA","94887"
"959","HUILA","PITAL","41548"
"960","CAUCA","ROSAS","19622"
"961","HUILA","GARZON","41298"
"962","NARIO","ROBERTO PAYAN","52621"
"963","CAUCA","LA SIERRA","19392"
"964","CAQUETA","EL DONCELLO","18247"
"965","GUAVIARE","EL RETORNO","95025"
"966","HUILA","LA ARGENTINA","41378"
"967","CAUCA","BALBOA","19075"
"968","HUILA","TARQUI","41791"
"969","NARIO","MAGUI","52427"
"970","HUILA","OPORAPA","41503"
"971","NARIO","LEIVA","52405"
"972","CAUCA","LA VEGA","19397"
"973","CAQUETA","FLORENCIA","18001"
"974","HUILA","SALADOBLANCO","41660"
"975","HUILA","GUADALUPE","41319"
"976","HUILA","SAN AGUSTIN","41668"
"977","HUILA","ALTAMIRA","41026"
"978","HUILA","ISNOS","41359"
"979","NARIO","TUMACO","52835"
"980","CAUCA","BOLIVAR","19100"
"981","HUILA","ELIAS","41244"
"982","VAUPES","PAPUNAUA","97777"
"983","HUILA","SUAZA","41770"
"984","CAUCA","SAN SEBASTIAN","19693"
"985","HUILA","TIMANA","41807"
"986","CAUCA","ALMAGUER","19022"
"987","GUAVIARE","CALAMAR","95015"
"988","CAUCA","MERCADERES","19450"
"989","HUILA","PITALITO","41551"
"990","NARIO","POLICARPA","52540"
"991","CAUCA","SANTA ROSA","19701"
"992","NARIO","EL ROSARIO","52256"
"993","HUILA","ACEVEDO","41006"
"994","CAQUETA","EL PAUJIL","18256"
"995","GUAVIARE","MIRAFLORES","95200"
"996","HUILA","PALESTINA","41530"
"997","CAQUETA","LA MONTAITA","18410"
"998","NARIO","CUMBITARA","52233"
"999","NARIO","BARBACOAS","52079"
"1000","CAQUETA","BELEN DE LOS ANDAQUIES","18094"
"1001","CAUCA","FLORENCIA","19290"
"1002","NARIO","LOS ANDES","52418"
"1003","NARIO","SAN PABLO","52693"
"1004","VAUPES","CARURU","97161"
"1005","NARIO","TAMINANGO","52786"
"1006","NARIO","COLON","52203"
"1007","NARIO","LA UNION","52399"
"1008","NARIO","SAN LORENZO","52687"
"1009","GUAINIA","LA GUADALUPE","94885"
"1010","VAUPES","MITU","97001"
"1011","NARIO","LA CRUZ","52378"
"1012","NARIO","BELEN","52083"
"1013","CAQUETA","MORELIA","18479"
"1014","NARIO","LA LLANADA","52385"
"1015","NARIO","SAN PEDRO DE CARTAGO","52694"
"1016","NARIO","SAN BERNARDO","52685"
"1017","NARIO","ALBAN","52019"
"1018","NARIO","ARBOLEDA","52051"
"1019","NARIO","SAMANIEGO","52678"
"1020","CAUCA","PIAMONTE","19533"
"1021","NARIO","EL TAMBO","52260"
"1022","CAQUETA","SAN JOSE DEL FRAGUA","18610"
"1023","NARIO","CHACHAGUI","52240"
"1024","NARIO","EL TABLON","52258"
"1025","NARIO","LINARES","52411"
"1026","NARIO","RICAURTE","52612"
"1027","NARIO","BUESACO","52110"
"1028","NARIO","SANTA CRUZ","52699"
"1029","NARIO","LA FLORIDA","52381"
"1030","CAQUETA","CARTAGENA DEL CHAIRA","18150"
"1031","PUTUMAYO","MOCOA","86001"
"1032","NARIO","SANDONA","52683"
"1033","CAQUETA","VALPARAISO","18860"
"1034","CAQUETA","MILAN","18460"
"1035","CAQUETA","ALBANIA","18029"
"1036","NARIO","PASTO","52001"
"1037","NARIO","PROVIDENCIA","52565"
"1038","NARIO","MALLAMA","52435"
"1039","NARIO","ANCUYA","52036"
"1040","PUTUMAYO","SAN FRANCISCO","86755"
"1041","NARIO","TUQUERRES","52838"
"1042","NARIO","CONSACA","52207"
"1043","PUTUMAYO","SIBUNDOY","86749"
"1044","NARIO","GUAITARILLA","52320"
"1045","CAQUETA","CURILLO","18205"
"1046","NARIO","YACUANQUER","52885"
"1047","PUTUMAYO","COLON","86219"
"1048","CAQUETA","SOLANO","18756"
"1049","NARIO","TANGUA","52788"
"1050","PUTUMAYO","SANTIAGO","86760"
"1051","NARIO","IMUES","52354"
"1052","NARIO","SAPUYES","52720"
"1053","NARIO","FUNES","52287"
"1054","CAQUETA","SOLITA","18785"
"1055","NARIO","CUMBAL","52227"
"1056","NARIO","OSPINA","52506"
"1057","PUTUMAYO","VILLAGARZON","86885"
"1058","VAUPES","YAVARATE","97889"
"1059","NARIO","GUACHUCAL","52317"
"1060","PUTUMAYO","PUERTO GUZMAN","86571"
"1061","NARIO","ILES","52352"
"1062","NARIO","PUPIALES","52585"
"1063","NARIO","GUALMATAN","52323"
"1064","PUTUMAYO","ORITO","86320"
"1065","NARIO","ALDANA","52022"
"1066","NARIO","CONTADERO","52210"
"1067","NARIO","PUERRES","52573"
"1068","NARIO","CUASPUD","52224"
"1069","NARIO","CORDOBA","52215"
"1070","NARIO","IPIALES","52356"
"1071","NARIO","POTOSI","52560"
"1072","VAUPES","PACOA","97511"
"1073","PUTUMAYO","PUERTO CAICEDO","86569"
"1074","PUTUMAYO","PUERTO LEGUIZAMO","86573"
"1075","PUTUMAYO","PUERTO ASIS","86568"
"1076","PUTUMAYO","VALLE DEL GUAMUEZ","86865"
"1077","PUTUMAYO","SAN MIGUEL","86757"
"1078","AMAZONAS","MIRITI-PARANA","91460"
"1079","VAUPES","TARAIRA","97666"
"1080","AMAZONAS","PUERTO SANTANDER","91669"
"1081","AMAZONAS","LA CHORRERA","91405"
"1082","AMAZONAS","LA PEDRERA","91407"
"1083","AMAZONAS","EL ENCANTO","91263"
"1084","AMAZONAS","TARAPACA","91798"
"1085","AMAZONAS","LETICIA","91001"
"1086","AMAZONAS","PUERTO NARIO","91540"
"1087","SUCRE","EL ROBLE","70233"
"1088","LA GUAJIRA","LA JAGUA DEL PILAR","44420"
"1089","LA GUAJIRA","ALBANIA","44035"
"1090","MAGDALENA","ZONA BANANERA","47980"
"1091","MAGDALENA","ALGARROBO","47030"
"1092","MAGDALENA","CONCORDIA","47205"
"1093","MAGDALENA","ZAPAYAN","47960"
"1094","BOLIVAR","ARROYOHONDO","13062"
"1095","MAGDALENA","SABANAS DE SAN ANGEL","47660"
"1096","MAGDALENA","NUEVA GRANADA","47460"
"1097","MAGDALENA","SANTA BARBARA DE PINTO","47720"
"1099","GUAINIA","MAPIRIPANA","94663"
"1100","GUAINIA","MORICHAL","94888"
"1101","AMAZONAS","LA VICTORIA","91430"
"1102","AMAZONAS","PUERTO ARICA","91536"
"1103","AMAZONAS","PUERTO ALEGRIA","91530"
"1104","NARIO","EL PEOL","52254"
"1105","NARIO","NARIO","52480"
"1106","CAUCA","SUCRE","19785"
"1107","CAUCA","VILLA RICA","19845"
"1108","SUCRE","TOLU","70820"
"1109","SUCRE","COVEAS","70221"
"1110","CALDAS","LA DORADA","17380"
"1111","CALDAS","NORCASIA","17495"
"1112","CALDAS","SAMANA","17662"
"1113","CHOCO","MEDIO ATRATO","27425"
"1114","CHOCO","ATRATO","27050"
"1115","CHOCO","RIO QUITO","27600"
"1116","CHOCO","CERTEGUI","27160"
"1117","CHOCO","UNION PANAMERICANA","27810"
"1118","CHOCO","MEDIO BAUDO","27430"
"1119","CHOCO","RIO IRO","27580"
"1120","CHOCO","MEDIO SAN JUAN","27450"
"1121","CHOCO","BELEN DE BAJIRA","27086"
"1122","ANTIOQUIA","MUTATA","05480"
"1123","CHOCO","CARMEN DEL DARIEN","27150"
"4","ARCHIPIELAGO DE SAN ANDRES PROVIDENCIA Y SANTA CATALINA","SAN ANDRES","88001"
"1098","ARCHIPIELAGO DE SAN ANDRES PROVIDENCIA Y SANTA CATALINA","SANTA CATALINA","88000"
"3","ARCHIPIELAGO DE SAN ANDRES PROVIDENCIA Y SANTA CATALINA","PROVIDENCIA","88564"
